section,series_id,series,source,frequency,units,latest,latest_display,as_of,change_unit,chg_1w,chg_1m,chg_3m,chg_1y,vs_date_1w,vs_date_1m,vs_date_3m,vs_date_1y,basis_1w,stale
Rates & Curve,DFF,Fed funds effective,FRED,Daily,%,3.88,3.88%,2026-10-07,bp,0.0,25.0,25.0,-21.0,2026-09-30,2026-09-07,2026-07-07,2025-10-07,1w,False
Rates & Curve,SOFR,SOFR,FRED,Daily,%,3.87,3.87%,2026-10-08,bp,0.0,23.0,29.0,-25.0,2026-10-01,2026-09-08,2026-07-08,2025-10-08,1w,False
Rates & Curve,DGS3MO,3M Treasury,FRED,Daily,%,4.22,4.22%,2026-10-07,bp,2.0,31.0,36.0,21.0,2026-09-30,2026-09-04,2026-07-07,2025-10-07,1w,False
Rates & Curve,DGS6MO,6M Treasury,FRED,Daily,%,4.28,4.28%,2026-10-07,bp,-5.0,30.0,29.0,47.0,2026-09-30,2026-09-04,2026-07-07,2025-10-07,1w,False
Rates & Curve,DGS1,1Y Treasury,FRED,Daily,%,4.42,4.42%,2026-10-07,bp,-12.0,29.0,36.0,77.0,2026-09-30,2026-09-04,2026-07-07,2025-10-07,1w,False
Rates & Curve,DGS2,2Y Treasury,FRED,Daily,%,4.77,4.77%,2026-10-07,bp,-11.0,40.0,58.0,120.0,2026-09-30,2026-09-04,2026-07-07,2025-10-07,1w,False
Rates & Curve,DGS3,3Y Treasury,FRED,Daily,%,4.87,4.87%,2026-10-07,bp,-13.0,42.0,69.0,131.0,2026-09-30,2026-09-04,2026-07-07,2025-10-07,1w,False
Rates & Curve,DGS5,5Y Treasury,FRED,Daily,%,5.03,5.03%,2026-10-07,bp,-6.0,49.0,76.0,132.0,2026-09-30,2026-09-04,2026-07-07,2025-10-07,1w,False
Rates & Curve,DGS7,7Y Treasury,FRED,Daily,%,5.15,5.15%,2026-10-07,bp,-4.0,50.0,75.0,125.0,2026-09-30,2026-09-04,2026-07-07,2025-10-07,1w,False
Rates & Curve,DGS10,10Y Treasury,FRED,Daily,%,5.28,5.28%,2026-10-07,bp,-1.0,50.0,73.0,114.0,2026-09-30,2026-09-04,2026-07-07,2025-10-07,1w,False
Rates & Curve,DGS20,20Y Treasury,FRED,Daily,%,5.71,5.71%,2026-10-07,bp,3.0,46.0,66.0,101.0,2026-09-30,2026-09-04,2026-07-07,2025-10-07,1w,False
Rates & Curve,DGS30,30Y Treasury,FRED,Daily,%,5.67,5.67%,2026-10-07,bp,3.0,43.0,62.0,94.0,2026-09-30,2026-09-04,2026-07-07,2025-10-07,1w,False
Rates & Curve,T10Y2Y,2s10s (10Y − 2Y),FRED,Daily,%,0.47,0.47%,2026-10-08,bp,1.0,6.0,12.0,-8.0,2026-10-01,2026-09-08,2026-07-08,2025-10-08,1w,False
Rates & Curve,T10Y3M,3m10y (10Y − 3M),FRED,Daily,%,0.99,0.99%,2026-10-08,bp,-8.0,13.0,30.0,87.0,2026-10-01,2026-09-08,2026-07-08,2025-10-08,1w,False
Credit Spreads,BAMLH0A0HYM2,ICE BofA HY OAS,FRED,Daily,%,3.15,3.15%,2026-10-08,bp,-9.0,48.0,45.0,31.0,2026-10-01,2026-09-08,2026-07-08,2025-10-08,1w,False
Credit Spreads,BAMLC0A0CM,ICE BofA IG OAS,FRED,Daily,%,0.82,0.82%,2026-10-08,bp,-4.0,1.0,6.0,7.0,2026-10-01,2026-09-08,2026-07-08,2025-10-08,1w,False
Credit Spreads,BAMLC0A4CBBB,ICE BofA BBB OAS,FRED,Daily,%,1.02,1.02%,2026-10-08,bp,-4.0,3.0,8.0,7.0,2026-10-01,2026-09-08,2026-07-08,2025-10-08,1w,False
Credit Spreads,BAA10Y,Moody's Baa − 10Y,FRED,Daily,%,1.46,1.46%,2026-10-07,bp,-1.0,-10.0,-9.0,-21.0,2026-09-30,2026-09-04,2026-07-07,2025-10-07,1w,False
Credit Spreads,AAA10Y,Moody's Aaa − 10Y,FRED,Daily,%,0.98,0.98%,2026-10-07,bp,-2.0,-16.0,-14.0,-6.0,2026-09-30,2026-09-04,2026-07-07,2025-10-07,1w,False
Bank Deposits & Loans,DPSACBW027SBOG,"Deposits, all commercial banks",FRED,Weekly,$bn,19637.1363,"$19,637.1bn",2026-09-23,% chg,0.339,0.514,1.669,6.857,2026-09-16,2026-08-19,2026-06-17,2025-09-17,1w,False
Bank Deposits & Loans,DPSLCBW027SBOG,"Deposits, large domestic banks",FRED,Weekly,$bn,12324.7412,"$12,324.7bn",2026-09-23,% chg,0.216,0.456,1.227,6.488,2026-09-16,2026-08-19,2026-06-17,2025-09-17,1w,False
Bank Deposits & Loans,DPSSCBW027SBOG,"Deposits, small domestic banks",FRED,Weekly,$bn,5670.7208,"$5,670.7bn",2026-09-23,% chg,0.056,-0.053,0.735,4.349,2026-09-16,2026-08-19,2026-06-17,2025-09-17,1w,False
Bank Deposits & Loans,TOTLL,"Loans & leases, all commercial banks",FRED,Weekly,$bn,14097.2232,"$14,097.2bn",2026-09-23,% chg,0.062,0.497,1.636,7.662,2026-09-16,2026-08-19,2026-06-17,2025-09-17,1w,False
Bank Deposits & Loans,LLBLCBW027SBOG,"Loans & leases, large domestic banks",FRED,Weekly,$bn,7929.9741,"$7,930.0bn",2026-09-23,% chg,0.094,0.568,1.586,7.607,2026-09-16,2026-08-19,2026-06-17,2025-09-17,1w,False
Bank Deposits & Loans,LLBSCBW027SBOG,"Loans & leases, small domestic banks",FRED,Weekly,$bn,4747.6768,"$4,747.7bn",2026-09-23,% chg,0.115,0.298,1.358,5.468,2026-09-16,2026-08-19,2026-06-17,2025-09-17,1w,False
Bank Deposits & Loans,TOTCI,C&I loans,FRED,Weekly,$bn,2952.9144,"$2,952.9bn",2026-09-23,% chg,-0.079,0.614,1.84,9.74,2026-09-16,2026-08-19,2026-06-17,2025-09-17,1w,False
Bank Deposits & Loans,CREACBW027SBOG,CRE loans,FRED,Weekly,$bn,3137.9971,"$3,138.0bn",2026-09-23,% chg,0.1,0.225,0.966,3.582,2026-09-16,2026-08-19,2026-06-17,2025-09-17,1w,False
Bank Deposits & Loans,CCLACBW027SBOG,Credit card & revolving loans,FRED,Weekly,$bn,1092.8301,"$1,092.8bn",2026-09-23,% chg,0.031,0.051,0.558,3.88,2026-09-16,2026-08-19,2026-06-17,2025-09-17,1w,False
Bank Deposits & Loans,DPSACBW027SBOG_YOY,"Deposit growth YoY, all banks",FRED (derived),Weekly,%,6.639,6.64%,2026-09-23,bp,14.3,5.0,32.9,305.9,2026-09-16,2026-08-19,2026-06-17,2025-09-17,1w,False
Bank Deposits & Loans,DPSLCBW027SBOG_YOY,"Deposit growth YoY, large banks",FRED (derived),Weekly,%,6.429,6.43%,2026-09-23,bp,17.1,-24.7,-58.1,304.3,2026-09-16,2026-08-19,2026-06-17,2025-09-17,1w,False
Bank Deposits & Loans,DPSSCBW027SBOG_YOY,"Deposit growth YoY, small banks",FRED (derived),Weekly,%,4.228,4.23%,2026-09-23,bp,-6.2,-40.2,-42.8,-1.2,2026-09-16,2026-08-19,2026-06-17,2025-09-17,1w,False
Bank Deposits & Loans,TOTLL_YOY,"Loan growth YoY, all banks",FRED (derived),Weekly,%,7.559,7.56%,2026-09-23,bp,-3.6,-0.8,6.9,279.4,2026-09-16,2026-08-19,2026-06-17,2025-09-17,1w,False
Bank Deposits & Loans,LLBLCBW027SBOG_YOY,"Loan growth YoY, large banks",FRED (derived),Weekly,%,7.455,7.46%,2026-09-23,bp,-5.1,-3.3,-14.5,278.5,2026-09-16,2026-08-19,2026-06-17,2025-09-17,1w,False
Bank Deposits & Loans,LLBSCBW027SBOG_YOY,"Loan growth YoY, small banks",FRED (derived),Weekly,%,5.401,5.40%,2026-09-23,bp,5.4,-13.1,22.4,172.3,2026-09-16,2026-08-19,2026-06-17,2025-09-17,1w,False
Bank Deposits & Loans,TOTCI_YOY,C&I loan growth YoY,FRED (derived),Weekly,%,9.688,9.69%,2026-09-23,bp,-13.9,4.6,165.7,1285.0,2026-09-16,2026-08-19,2026-06-17,2025-09-17,1w,False
Bank Deposits & Loans,CREACBW027SBOG_YOY,CRE loan growth YoY,FRED (derived),Weekly,%,3.495,3.50%,2026-09-23,bp,1.6,-4.3,34.8,257.4,2026-09-16,2026-08-19,2026-06-17,2025-09-17,1w,False
Bank Deposits & Loans,CCLACBW027SBOG_YOY,Card loan growth YoY,FRED (derived),Weekly,%,3.929,3.93%,2026-09-23,bp,8.1,-24.1,-12.3,586.8,2026-09-16,2026-08-19,2026-06-17,2025-09-17,1w,False
Deposit Mix,LTDACBW027SBOG,"H.8 Large time deposits, all banks",FRED,Weekly,$bn,2596.6546,"$2,596.7bn",2026-09-23,% chg,1.014,1.802,3.847,8.521,2026-09-16,2026-08-19,2026-06-17,2025-09-17,1w,False
Deposit Mix,ODSACBW027SBOG,"H.8 Other deposits, all banks",FRED,Weekly,$bn,17040.4817,"$17,040.5bn",2026-09-23,% chg,0.237,0.321,1.345,6.607,2026-09-16,2026-08-19,2026-06-17,2025-09-17,1w,False
Deposit Mix,LTDLCBW027SBOG,"H.8 Large time deposits, large banks",FRED,Weekly,$bn,924.9359,$924.9bn,2026-09-23,% chg,1.917,3.347,6.337,14.197,2026-09-16,2026-08-19,2026-06-17,2025-09-17,1w,False
Deposit Mix,ODSLCBW027SBOG,"H.8 Other deposits, large banks",FRED,Weekly,$bn,11399.8053,"$11,399.8bn",2026-09-23,% chg,0.081,0.229,0.834,5.908,2026-09-16,2026-08-19,2026-06-17,2025-09-17,1w,False
Deposit Mix,LTDSCBW027SBOG,"H.8 Large time deposits, small banks",FRED,Weekly,$bn,729.7384,$729.7bn,2026-09-23,% chg,-0.622,-0.999,-0.751,-0.82,2026-09-16,2026-08-19,2026-06-17,2025-09-17,1w,False
Deposit Mix,ODSSCBW027SBOG,"H.8 Other deposits, small banks",FRED,Weekly,$bn,4940.9824,"$4,941.0bn",2026-09-23,% chg,0.157,0.088,0.959,5.158,2026-09-16,2026-08-19,2026-06-17,2025-09-17,1w,False
Deposit Mix,LTD_SHARE_ALL,"H.8 Large time share of deposits, all banks",FRED (derived),Weekly,%,13.2232,13.22%,2026-09-23,bp,8.84,16.73,27.73,20.29,2026-09-16,2026-08-19,2026-06-17,2025-09-17,1w,False
Deposit Mix,LTD_SHARE_LARGE,"H.8 Large time share, large banks",FRED (derived),Weekly,%,7.5047,7.50%,2026-09-23,bp,12.52,20.99,36.06,50.66,2026-09-16,2026-08-19,2026-06-17,2025-09-17,1w,False
Deposit Mix,LTD_SHARE_SMALL,"H.8 Large time share, small banks",FRED (derived),Weekly,%,12.8685,12.87%,2026-09-23,bp,-8.78,-12.3,-19.28,-67.07,2026-09-16,2026-08-19,2026-06-17,2025-09-17,1w,False
Deposit Mix,LTDACBW027SBOG_YOY,H.8 Large time deposit growth YoY,FRED (derived),Weekly,%,7.619,7.62%,2026-09-23,bp,18.7,145.7,301.9,603.5,2026-09-16,2026-08-19,2026-06-17,2025-09-17,1w,False
Deposit Mix,ODSACBW027SBOG_YOY,H.8 Other deposit growth YoY,FRED (derived),Weekly,%,6.491,6.49%,2026-09-23,bp,13.5,-16.2,-7.8,260.5,2026-09-16,2026-08-19,2026-06-17,2025-09-17,1w,False
Deposit Mix,DEMDEPSL,H.6 Demand deposits,FRED,Monthly,$bn,7128.0,"$7,128.0bn",2026-08-01,% chg,,0.567,2.582,26.195,,2026-07-01,2026-05-01,2025-08-01,,False
Deposit Mix,OLD_SPLICED,H.6 Other liquid deposits (savings/MMDA/OCD),FRED (derived),Monthly,$bn,10473.5,"$10,473.5bn",2026-08-01,% chg,,0.557,0.766,-3.685,,2026-07-01,2026-05-01,2025-08-01,,False
Deposit Mix,STDSL,H.6 Small-denomination time deposits,FRED,Monthly,$bn,1505.6,"$1,505.6bn",2026-08-01,% chg,,-0.053,0.113,-1.389,,2026-07-01,2026-05-01,2025-08-01,,False
Deposit Mix,H6_TOTAL,H.6 Total (DDA + other liquid + small time),FRED (derived),Monthly,$bn,19107.1,"$19,107.1bn",2026-08-01,% chg,,0.512,1.383,5.86,,2026-07-01,2026-05-01,2025-08-01,,False
Deposit Mix,RMFSL,H.6 Retail money market funds,FRED,Monthly,$bn,3073.9,"$3,073.9bn",2026-08-01,% chg,,0.691,1.549,5.625,,2026-07-01,2026-05-01,2025-08-01,,False
Deposit Mix,H6_DDA_SHARE,H.6 DDA share of deposits,FRED (derived),Monthly,%,37.3055,37.31%,2026-08-01,bp,,2.03,43.59,601.14,,2026-07-01,2026-05-01,2025-08-01,,False
Deposit Mix,H6_OLD_SHARE,H.6 Other liquid share of deposits,FRED (derived),Monthly,%,54.8147,54.81%,2026-08-01,bp,,2.43,-33.59,-543.22,,2026-07-01,2026-05-01,2025-08-01,,False
Deposit Mix,H6_STD_SHARE,H.6 Small time share of deposits,FRED (derived),Monthly,%,7.8798,7.88%,2026-08-01,bp,,-4.46,-10.0,-57.92,,2026-07-01,2026-05-01,2025-08-01,,False
Deposit Mix,RMF_PCT_DEP,H.6 Retail MMF as % of deposits,FRED (derived),Monthly,%,16.0877,16.09%,2026-08-01,bp,,2.85,2.63,-3.58,,2026-07-01,2026-05-01,2025-08-01,,False
Deposit Mix,H6_TOTAL_YOY,H.6 Total deposit growth YoY,FRED (derived),Monthly,%,5.86,5.86%,2026-08-01,bp,,34.8,56.6,257.5,,2026-07-01,2026-05-01,2025-08-01,,False
Credit Quality,DRALACBS,"Delinquency rate, all loans",FRED,Quarterly,%,1.42,1.42%,2026-04-01,bp,,,-3.0,-7.0,,,2026-01-01,2025-04-01,,False
Credit Quality,DRCCLACBS,"Delinquency rate, credit cards",FRED,Quarterly,%,2.85,2.85%,2026-04-01,bp,,,-6.0,-19.0,,,2026-01-01,2025-04-01,,False
Credit Quality,DRCRELEXFACBS,"Delinquency rate, CRE (ex farmland)",FRED,Quarterly,%,1.53,1.53%,2026-04-01,bp,,,-3.0,-4.0,,,2026-01-01,2025-04-01,,False
Credit Quality,CORALACBS,"Net charge-off rate, all loans",FRED,Quarterly,%,0.55,0.55%,2026-04-01,bp,,,-1.0,-6.0,,,2026-01-01,2025-04-01,,False
Credit Quality,DRTSCILM,SLOOS net % tightening C&I,FRED,Quarterly,%,0.0,0.00%,2026-07-01,pts,,,-8.1,-9.5,,,2026-04-01,2025-07-01,,False
Housing,MORTGAGE30US,30Y mortgage rate,FRED,Weekly,%,7.4,7.40%,2026-10-08,bp,12.0,69.0,97.0,106.0,2026-10-01,2026-09-03,2026-07-02,2025-10-02,1w,False
Housing,MORT_SPREAD,30Y mortgage − 10Y Treasury,FRED (derived),Weekly,%,2.12,2.12%,2026-10-08,bp,8.0,18.0,18.0,-12.0,2026-10-01,2026-09-03,2026-07-02,2025-10-02,1w,False
Housing,HOUST,Housing starts (SAAR),FRED,Monthly,k units,1275.0,"1,275k",2026-08-01,% chg,,-2.597,7.868,-1.239,,2026-07-01,2026-05-01,2025-08-01,,False
Labor & Inflation,UNRATE,Unemployment rate,FRED,Monthly,%,4.2,4.20%,2026-09-01,bp,,10.0,0.0,-20.0,,2026-08-01,2026-06-01,2025-09-01,,False
Labor & Inflation,PAYEMS,Nonfarm payrolls (level),FRED,Monthly,k,159044.0,"159,044k",2026-09-01,% chg,,0.018,0.096,0.313,,2026-08-01,2026-06-01,2025-09-01,,False
Labor & Inflation,PAYEMS_CHG,"Nonfarm payrolls, monthly change",FRED (derived),Monthly,k,29.0,29k,2026-09-01,k (diff),,-104.0,-2.0,-47.0,,2026-08-01,2026-06-01,2025-09-01,,False
Labor & Inflation,ICSA,Initial jobless claims,FRED,Weekly,claims,197000.0,"197,000",2026-10-03,% chg,-1.005,-4.831,-9.217,-12.444,2026-09-26,2026-08-29,2026-06-27,2025-09-27,1w,False
Labor & Inflation,CPIAUCSL,CPI-U index,FRED,Monthly,index,334.131,334.13,2026-08-01,% chg,,0.396,0.046,3.353,,2026-07-01,2026-05-01,2025-08-01,,False
Labor & Inflation,CPI_YOY,CPI-U YoY,FRED (derived),Monthly,%,3.353,3.35%,2026-08-01,bp,,4.9,-81.4,41.4,,2026-07-01,2026-05-01,2025-08-01,,False
Labor & Inflation,PCEPILFE,Core PCE price index,FRED,Monthly,index,130.455,130.46,2026-08-01,% chg,,0.247,0.508,3.008,,2026-07-01,2026-05-01,2025-08-01,,False
Labor & Inflation,COREPCE_YOY,Core PCE YoY,FRED (derived),Monthly,%,3.008,3.01%,2026-08-01,bp,,2.5,-15.4,15.7,,2026-07-01,2026-05-01,2025-08-01,,False
Labor & Inflation,GDPC1,Real GDP (level),FRED,Quarterly,$bn,24408.011,"$24,408.0bn",2026-04-01,% chg,,,0.55,2.192,,,2026-01-01,2025-04-01,,False
Labor & Inflation,GDP_QOQ,"Real GDP growth, QoQ SAAR",FRED (derived),Quarterly,%,2.22,2.22%,2026-04-01,bp,,,-27.2,-180.3,,,2026-01-01,2025-04-01,,False
Labor & Inflation,GDP_YOY,"Real GDP growth, YoY",FRED (derived),Quarterly,%,2.192,2.19%,2026-04-01,bp,,,-44.7,-22.9,,,2026-01-01,2025-04-01,,False
Market Stress,VIXCLS,VIX,FRED,Daily,index,15.41,15.41,2026-10-08,pts,-0.98,-0.31,-1.49,-0.89,2026-10-01,2026-09-08,2026-07-08,2025-10-08,1w,False
Market Stress,MOVE,MOVE (Treasury implied vol),Yahoo Finance chart API (^MOVE),Daily,index,100.7,100.70,2026-10-08,pts,-7.43,24.56,28.29,25.83,2026-10-01,2026-09-08,2026-07-08,2025-10-08,1w,False
Positioning,KRE_SI_NOTIONAL,"KRE short interest, notional ($bn)",Derived: FINRA consolidated short interest API + Yahoo Finance chart API,Semi-monthly,$bn,4.3424,$4.34bn,2026-09-15,% chg,6.45,8.133,1.46,24.044,2026-08-31,2026-08-14,2026-06-15,2025-09-15,prior_report,False
Positioning,KRE_SI_SHARES,"KRE short interest, shares",FINRA consolidated short interest API,Semi-monthly,shares,58641571.0,58.64M,2026-09-15,% chg,5.746,13.8,-1.034,7.812,2026-08-31,2026-08-14,2026-06-15,2025-09-15,prior_report,False
Positioning,KRE_SI_PCT_SO,KRE SI as % of shares outstanding,Derived: FINRA consolidated short interest API + State Street,Semi-monthly,%,101.189,101.19%,2026-09-15,bp,-55.9,1719.8,365.5,610.1,2026-08-31,2026-08-14,2026-06-15,2025-09-15,prior_report,False
Positioning,KRE_DTC,KRE days to cover (FINRA),FINRA consolidated short interest API,Semi-monthly,days,4.67,4.67,2026-09-15,days,0.25,-0.54,1.13,0.7,2026-08-31,2026-08-14,2026-06-15,2025-09-15,prior_report,False
Positioning,KRE_CLOSE,KRE closing price,Yahoo Finance chart API (KRE),Daily,$,69.59,$69.59,2026-10-08,% chg,-0.515,-6.352,-5.113,10.041,2026-10-01,2026-09-08,2026-07-08,2025-10-08,1w,False
